{
 "_runtime_s": 585.8566944599152,
 "dz4_i_linear": {
  "ce_mean": 0.606609223683139,
  "ce_std": 0.06485913252648492,
  "ce_se": 0.02161971084216164,
  "K": 5,
  "E_inf": 15,
  "E_train_mean": 49504450.0,
  "wall_train_mean": 0.02072327136993408,
  "wall_infer_mean": 0.0036773443222045898
 },
 "dz4_ii_twolayer": {
  "ce_mean": 0.3728903319423492,
  "ce_std": 0.12113527772513087,
  "ce_se": 0.04037842590837696,
  "K": 385,
  "E_inf": 839,
  "E_train_mean": 151135500000.0,
  "wall_train_mean": 12.635617423057557,
  "wall_infer_mean": 0.06240553855895996
 },
 "dz4_iii_oracle": {
  "ce_mean": 1.44269576227845e-06,
  "ce_std": 0.0,
  "ce_se": 0.0,
  "K": 9100,
  "E_inf": 23661,
  "E_train_mean": 0.0,
  "wall_train_mean": 0.0,
  "wall_infer_mean": 0.6799992084503174
 },
 "dz4_analytic_floor_mean": 0.6053226226363189,
 "dz6_i_linear": {
  "ce_mean": 0.4798051172355563,
  "ce_std": 0.0988773991996024,
  "ce_se": 0.032959133066534134,
  "K": 7,
  "E_inf": 19,
  "E_train_mean": 80510075.0,
  "wall_train_mean": 0.021391797065734863,
  "wall_infer_mean": 0.0038283586502075194
 },
 "dz6_ii_twolayer": {
  "ce_mean": 0.05689791617081687,
  "ce_std": 0.045097481892850004,
  "ce_se": 0.015032493964283335,
  "K": 513,
  "E_inf": 1095,
  "E_train_mean": 197253900000.0,
  "wall_train_mean": 14.494626927375794,
  "wall_infer_mean": 0.06283757686614991
 },
 "dz6_iii_oracle": {
  "ce_mean": 1.44269576227845e-06,
  "ce_std": 0.0,
  "ce_se": 0.0,
  "K": 12740,
  "E_inf": 34581,
  "E_train_mean": 0.0,
  "wall_train_mean": 0.0,
  "wall_infer_mean": 0.6810925483703614
 },
 "dz6_analytic_floor_mean": 0.47989391207317117,
 "dz8_i_linear": {
  "ce_mean": 0.31963012189754175,
  "ce_std": 0.16893168867707511,
  "ce_se": 0.05631056289235837,
  "K": 9,
  "E_inf": 23,
  "E_train_mean": 119519125.0,
  "wall_train_mean": 0.0228593111038208,
  "wall_infer_mean": 0.003560161590576172
 },
 "dz8_ii_twolayer": {
  "ce_mean": 0.0007331165179045418,
  "ce_std": 0.0008377732193103218,
  "ce_se": 0.00027925773977010725,
  "K": 641,
  "E_inf": 1351,
  "E_train_mean": 243372300000.0,
  "wall_train_mean": 13.297229433059693,
  "wall_infer_mean": 0.0631066083908081
 },
 "dz8_iii_oracle": {
  "ce_mean": 1.44269576227845e-06,
  "ce_std": 0.0,
  "ce_se": 0.0,
  "K": 16380,
  "E_inf": 45501,
  "E_train_mean": 0.0,
  "wall_train_mean": 0.0,
  "wall_infer_mean": 0.6838809251785278
 },
 "dz8_analytic_floor_mean": 0.3196178122929914,
 "dz12_i_linear": {
  "ce_mean": 0.06677533951881079,
  "ce_std": 0.11922531298144434,
  "ce_se": 0.03974177099381478,
  "K": 13,
  "E_inf": 31,
  "E_train_mean": 221550575.0,
  "wall_train_mean": 0.02538449764251709,
  "wall_infer_mean": 0.003917384147644043
 },
 "dz12_ii_twolayer": {
  "ce_mean": 3.646113892792891e-06,
  "ce_std": 3.1906908746371097e-06,
  "ce_se": 1.0635636248790364e-06,
  "K": 897,
  "E_inf": 1863,
  "E_train_mean": 335609100000.0,
  "wall_train_mean": 15.064198112487793,
  "wall_infer_mean": 0.06285109519958496
 },
 "dz12_iii_oracle": {
  "ce_mean": 1.44269576227845e-06,
  "ce_std": 0.0,
  "ce_se": 0.0,
  "K": 23660,
  "E_inf": 67341,
  "E_train_mean": 0.0,
  "wall_train_mean": 0.0,
  "wall_infer_mean": 0.6816518545150757
 },
 "dz12_analytic_floor_mean": 0.06659222271949154,
 "_PQ2_CV": {
  "H": 1.3438466435547445,
  "K": 1.4542345542657542,
  "E_inf": 1.4933168488730906,
  "E_train": 1.5021209378537566,
  "wall": 1.3176750331186118
 }
}