{
  "abits": 16,
  "frozen_id": 0.9961979255571681,
  "refit_id": 0.975931929400742,
  "refit_source": {
    "textfile": "/vault/datasets/text/wikitext103_raw/train.txt",
    "offset": 0,
    "bytes": 8000000
  },
  "wall_s": 29.184605598449707
}