{
  "abits": 8,
  "frozen_id": 1.344567628660566,
  "refit_id": 1.25442141411908,
  "refit_source": {
    "textfile": "/vault/datasets/text/wikitext103_raw/train.txt",
    "offset": 0,
    "bytes": 8000000
  },
  "wall_s": 43.82571482658386
}