{
  "abits": 6,
  "frozen_id": 2.66044741073158,
  "refit_id": 1.9473484189872234,
  "wall_s": 42.39561438560486
}