{
  "abits": 6,
  "frozen_id": 2.66044741073158,
  "refit_id": 2.124777854144574,
  "refit_source": {
    "textfile": "/vault/datasets/text/wikitext103_raw/train.txt",
    "offset": 0,
    "bytes": 8000000
  },
  "wall_s": 43.84506940841675
}