{
  "abits": 4,
  "frozen_id": 4.39063156305694,
  "refit_id": 3.0004459827338366,
  "wall_s": 42.24497413635254
}