{
  "abits": 16,
  "frozen_id": 0.9961979255571681,
  "refit_id": 0.8605353263470059,
  "wall_s": 100.06566071510315
}