{
  "abits": 8,
  "frozen_id": 1.344567628660566,
  "refit_id": 1.1243964583277732,
  "wall_s": 42.13473343849182
}