{
  "mode": "quant",
  "bits": 3,
  "frozen_id": 2.8510060748692165,
  "refit_id": 2.2503057029624842,
  "wall_s": 29.93006205558777
}