{
  "mode": "quant",
  "bits": 2,
  "frozen_id": 3.311577391574577,
  "refit_id": 2.417290646742503,
  "wall_s": 29.542977333068848
}