{
  "mode": "quant",
  "bits": 8,
  "frozen_id": 0.9974292920626877,
  "refit_id": 0.8611431272420624,
  "wall_s": 29.838558197021484
}