{
  "mode": "quant",
  "bits": 3,
  "frozen_id": 2.8510060748692165,
  "refit_id": 2.4208141637580334,
  "refit_source": {
    "textfile": "/vault/datasets/text/wikitext103_raw/train.txt",
    "offset": 0,
    "bytes": 8000000
  },
  "wall_s": 33.94313168525696
}