{
  "mode": "quant",
  "bits": 16,
  "frozen_id": 0.9961979255571681,
  "refit_id": 0.8605353263470059,
  "wall_s": 29.709679126739502
}