{
  "mode": "quant",
  "bits": 4,
  "frozen_id": 1.2491802947707447,
  "refit_id": 1.0269151870756263,
  "wall_s": 30.13263726234436
}