{
  "dn0_S": {
    "d_n": 0,
    "arm": "S",
    "n_seeds": 10,
    "K": 9,
    "dim": 4,
    "H_hat_id_bits": {
      "mean": 0.6662494248571665,
      "std": 0.002390991972612075
    },
    "H_hat_shift_bits": {
      "mean": 0.6660367680025201,
      "std": 0.002641216498504845
    },
    "flops_train": {
      "mean": 123754450.0,
      "std": 0.0
    },
    "flops_infer": {
      "mean": 3000000.0,
      "std": 0.0
    },
    "wall_train_s": {
      "mean": 0.06911134739784756,
      "std": 0.016831107380064585
    },
    "wall_infer_s": {
      "mean": 0.00787431700155139,
      "std": 0.0016346965932613167
    },
    "grad_inf_norm_max": 1.1241374598428295e-17
  },
  "dn0_X": {
    "d_n": 0,
    "arm": "X",
    "n_seeds": 10,
    "K": 9,
    "dim": 4,
    "H_hat_id_bits": {
      "mean": 0.6662494248571665,
      "std": 0.002390991972612075
    },
    "H_hat_shift_bits": {
      "mean": 0.6660367680025201,
      "std": 0.002641216498504845
    },
    "flops_train": {
      "mean": 123754450.0,
      "std": 0.0
    },
    "flops_infer": {
      "mean": 3000000.0,
      "std": 0.0
    },
    "wall_train_s": {
      "mean": 0.07017137729999376,
      "std": 0.017451351116692552
    },
    "wall_infer_s": {
      "mean": 0.008489884200389496,
      "std": 0.0023318096664013163
    },
    "grad_inf_norm_max": 1.1241374598428295e-17
  },
  "dn8_N": {
    "d_n": 8,
    "arm": "N",
    "n_seeds": 10,
    "K": 17,
    "dim": 8,
    "H_hat_id_bits": {
      "mean": 0.679710223883489,
      "std": 0.0024700694187570604
    },
    "H_hat_shift_bits": {
      "mean": 2.3462734504453646,
      "std": 0.011233436317674374
    },
    "flops_train": {
      "mean": 298769125.0,
      "std": 0.0
    },
    "flops_infer": {
      "mean": 4600000.0,
      "std": 0.0
    },
    "wall_train_s": {
      "mean": 0.07561056099948474,
      "std": 0.01938852433329731
    },
    "wall_infer_s": {
      "mean": 0.00942421930085402,
      "std": 0.0026022683868589694
    },
    "grad_inf_norm_max": 6.0636789131832464e-18
  },
  "dn8_S": {
    "d_n": 8,
    "arm": "S",
    "n_seeds": 10,
    "K": 9,
    "dim": 4,
    "H_hat_id_bits": {
      "mean": 0.6671849291916343,
      "std": 0.002780442395678182
    },
    "H_hat_shift_bits": {
      "mean": 0.667067992690562,
      "std": 0.002509809064406811
    },
    "flops_train": {
      "mean": 123754450.0,
      "std": 0.0
    },
    "flops_infer": {
      "mean": 3000000.0,
      "std": 0.0
    },
    "wall_train_s": {
      "mean": 0.0693192185004591,
      "std": 0.016826828301540083
    },
    "wall_infer_s": {
      "mean": 0.007739881303859874,
      "std": 0.0016649713532020081
    },
    "grad_inf_norm_max": 1.5165742763145248e-17
  },
  "dn8_X": {
    "d_n": 8,
    "arm": "X",
    "n_seeds": 10,
    "K": 25,
    "dim": 12,
    "H_hat_id_bits": {
      "mean": 0.6673365127092531,
      "std": 0.002790761779342631
    },
    "H_hat_shift_bits": {
      "mean": 0.668176671268391,
      "std": 0.003374925337250909
    },
    "flops_train": {
      "mean": 553800575.0,
      "std": 0.0
    },
    "flops_infer": {
      "mean": 6200000.0,
      "std": 0.0
    },
    "wall_train_s": {
      "mean": 0.08406398470106069,
      "std": 0.02289702506079163
    },
    "wall_infer_s": {
      "mean": 0.010825386802025605,
      "std": 0.001843152110379697
    },
    "grad_inf_norm_max": 1.7806032140881833e-17
  },
  "dn64_N": {
    "d_n": 64,
    "arm": "N",
    "n_seeds": 10,
    "K": 129,
    "dim": 64,
    "H_hat_id_bits": {
      "mean": 0.6684490500015335,
      "std": 0.002158642012965385
    },
    "H_hat_shift_bits": {
      "mean": 2.399585087674344,
      "std": 0.014851759222246562
    },
    "flops_train": {
      "mean": 11153650450.0,
      "std": 0.0
    },
    "flops_infer": {
      "mean": 27000000.0,
      "std": 0.0
    },
    "wall_train_s": {
      "mean": 0.22889712289907038,
      "std": 0.037715614688332365
    },
    "wall_infer_s": {
      "mean": 0.04902323880232871,
      "std": 0.015049165793237562
    },
    "grad_inf_norm_max": 5.363607061156968e-18
  },
  "dn64_S": {
    "d_n": 64,
    "arm": "S",
    "n_seeds": 10,
    "K": 9,
    "dim": 4,
    "H_hat_id_bits": {
      "mean": 0.666080839296394,
      "std": 0.0021857287752906716
    },
    "H_hat_shift_bits": {
      "mean": 0.6661126452215126,
      "std": 0.002569776224748555
    },
    "flops_train": {
      "mean": 123754450.0,
      "std": 0.0
    },
    "flops_infer": {
      "mean": 3000000.0,
      "std": 0.0
    },
    "wall_train_s": {
      "mean": 0.06940963150409515,
      "std": 0.01646064453092326
    },
    "wall_infer_s": {
      "mean": 0.007736058899899945,
      "std": 0.0017294918627911648
    },
    "grad_inf_norm_max": 1.1312594849169111e-17
  },
  "dn64_X": {
    "d_n": 64,
    "arm": "X",
    "n_seeds": 10,
    "K": 137,
    "dim": 68,
    "H_hat_id_bits": {
      "mean": 0.6669730423681701,
      "std": 0.0021526130070136595
    },
    "H_hat_shift_bits": {
      "mean": 0.6731946485586955,
      "std": 0.013397053580441137
    },
    "flops_train": {
      "mean": 12529589125.0,
      "std": 0.0
    },
    "flops_infer": {
      "mean": 28600000.0,
      "std": 0.0
    },
    "wall_train_s": {
      "mean": 0.25458782200003044,
      "std": 0.05769198445208715
    },
    "wall_infer_s": {
      "mean": 0.05946500200079754,
      "std": 0.0014419284389926065
    },
    "grad_inf_norm_max": 2.2916880052104022e-17
  },
  "dn256_N": {
    "d_n": 256,
    "arm": "N",
    "n_seeds": 10,
    "K": 513,
    "dim": 256,
    "H_hat_id_bits": {
      "mean": 0.6703915687431675,
      "std": 0.0024214581558826415
    },
    "H_hat_shift_bits": {
      "mean": 2.4258668339121536,
      "std": 0.010322419079183603
    },
    "flops_train": {
      "mean": 167676639250.0,
      "std": 0.0
    },
    "flops_infer": {
      "mean": 103800000.0,
      "std": 0.0
    },
    "wall_train_s": {
      "mean": 1.9684882282992475,
      "std": 0.02817511043036554
    },
    "wall_infer_s": {
      "mean": 0.18957337099709548,
      "std": 0.008365027159766465
    },
    "grad_inf_norm_max": 7.236654419200671e-18
  },
  "dn256_S": {
    "d_n": 256,
    "arm": "S",
    "n_seeds": 10,
    "K": 9,
    "dim": 4,
    "H_hat_id_bits": {
      "mean": 0.6660979617150968,
      "std": 0.0022252604679771438
    },
    "H_hat_shift_bits": {
      "mean": 0.6679416288511326,
      "std": 0.0016735534353770488
    },
    "flops_train": {
      "mean": 123754450.0,
      "std": 0.0
    },
    "flops_infer": {
      "mean": 3000000.0,
      "std": 0.0
    },
    "wall_train_s": {
      "mean": 0.06486771130439592,
      "std": 0.0009057840012826448
    },
    "wall_infer_s": {
      "mean": 0.0072825146969989875,
      "std": 0.00017837677723688206
    },
    "grad_inf_norm_max": 1.5411719807538917e-17
  },
  "dn256_X": {
    "d_n": 256,
    "arm": "X",
    "n_seeds": 10,
    "K": 521,
    "dim": 260,
    "H_hat_id_bits": {
      "mean": 0.6700488679658301,
      "std": 0.0024099551887706507
    },
    "H_hat_shift_bits": {
      "mean": 0.692930332451206,
      "std": 0.024607492083232842
    },
    "flops_train": {
      "mean": 172905211525.0,
      "std": 0.0
    },
    "flops_infer": {
      "mean": 105400000.0,
      "std": 0.0
    },
    "wall_train_s": {
      "mean": 1.9690755550996983,
      "std": 0.017199928393372775
    },
    "wall_infer_s": {
      "mean": 0.19378230079746572,
      "std": 0.007992884957939077
    },
    "grad_inf_norm_max": 1.5703358876106738e-17
  },
  "_PQ2_CV": {
    "H_cell_means_cv": 0.6686647679246566,
    "E_flops_cell_means_cv": 2.0423830544968173,
    "E_wallclock_cell_means_cv": 1.660675670076468,
    "K_cell_means_cv": 1.5791047252809365
  },
  "_env": {
    "numpy": "2.4.6",
    "python": "3.12.3",
    "platform": "Linux-6.17.0-1014-nvidia-aarch64-with-glibc2.39",
    "n_train": 50000,
    "n_test": 100000,
    "irls_iters": 25,
    "ridge": 1e-08,