{
  "mode": "shift",
  "split": "sw",
  "frozen": 2.3404832894504617,
  "refit": 2.103322482105794,
  "refit_source": {
    "textfile": "/vault/datasets/text/ood_sw_wikipedia/data.txt",
    "offset": 2000000,
    "bytes": 8000000,
    "seed": 1
  },
  "wall_s": 34.3821485042572
}