{
  "mode": "shift",
  "split": "q1",
  "frozen": 2.2215249205997423,
  "refit": 1.9644025577802617,
  "refit_source": {
    "textfile": "/vault/datasets/text/ood_yo_wikipedia/data.txt",
    "offset": 2000000,
    "bytes": 8000000,
    "seed": 1
  },
  "wall_s": 34.816911458969116
}